{"packFileHash":{"type":"sha256","value":"e31f25a9b4b802f4e3c142c576e6d5991e1d0811a9f6f8ec443ec29a8475920b"},"indexFileHash":{"type":"sha256","value":"1e144b9e64445b1e72359b44b3888a06b9fe0703531914c96ab833986c7b4324"},"cachedFiles":{"mods/origins-forge.pw.toml":{"hash":{"type":"sha256","value":"870e5b0ead71b2dd4f756187f14588c34272170e64e91d76d753c0730fccb660"},"linkedFileHash":{"type":"sha1","value":"788c36134543f34887b9031a4c8221e0a07a425b"},"cachedLocation":"mods/origins-forge-1.19.2-1.7.1.0-all.jar","optionValue":true},"mods/origins-classes-forge.pw.toml":{"hash":{"type":"sha256","value":"b83da1d4b1cfd098abd7cb0bbab6b146dee448d5a2b725671b9593c2d6244638"},"linkedFileHash":{"type":"sha1","value":"933d0def8f62931ee5737e278165ae11556a2d32"},"cachedLocation":"mods/origins-classes-forge-1.2.0.jar","optionValue":true},"mods/origins-plus-plus.pw.toml":{"hash":{"type":"sha256","value":"fecd546386f451e89e80cb5c708e2aaaa182caaa3b655ea7cc7059c720f403d5"},"linkedFileHash":{"type":"sha1","value":"fb4148069c2869fe20b399ae2074412a1739d629"},"cachedLocation":"mods/origins-plus-plus-2.0.1-forge.jar","optionValue":true},"mods/pehkui.pw.toml":{"hash":{"type":"sha256","value":"a96c9a34d7d602553e1ad75812431a82b2cb9a2d30b595fa6bde67c4be674234"},"linkedFileHash":{"type":"sha1","value":"a0363c3e387750d66a6feae8bb04287994369b5d"},"cachedLocation":"mods/Pehkui-3.7.2+1.19.2-forge.jar","optionValue":true},"mods/caelus.pw.toml":{"hash":{"type":"sha256","value":"c72297485eeb8ce7464544b35c7b22814c84288ac7e3eb0c21cc9b2f636e0be1"},"linkedFileHash":{"type":"sha1","value":"bd9d920381a8e539c27492b3ebb77863fe3dd064"},"cachedLocation":"mods/caelus-forge-1.19.2-3.0.0.6.jar","optionValue":true},"mods/xl-packets.pw.toml":{"hash":{"type":"sha256","value":"69a85643d125b0454ed6408cfa4a7cea1b3566c78ed3fd5f3107f93fa852f1c9"},"linkedFileHash":{"type":"sha1","value":"f24208aa29e04b26366589061806d07d77d30034"},"cachedLocation":"mods/xlpackets-1.18.2-2.1.jar","optionValue":true},"mods/connectivity.pw.toml":{"hash":{"type":"sha256","value":"1400f0a5f428367609794c7fe3fb825163cbb6bf5b6715dff5fbfe5f02c078d2"},"linkedFileHash":{"type":"sha1","value":"13921efde7ddd6d567662e9df2bae689df3cefb4"},"cachedLocation":"mods/connectivity-1.19.2-3.4.jar","optionValue":true}},"cachedSide":"client"}